[
    {
        "id": 1,
        "url1": "https://plus.unsplash.com/premium_photo-1700391547517-9d63b8a8b351?w=600&auto=format&fit=crop&q=60&ixlib=rb-4.0.3&ixid=M3wxMjA3fDB8MHxlZGl0b3JpYWwtZmVlZHw1fHx8ZW58MHx8fHx8",
        "url2": "https://plus.unsplash.com/premium_photo-1702058572011-29d5025557c8?w=600&auto=format&fit=crop&q=60&ixlib=rb-4.0.3&ixid=M3wxMjA3fDB8MHxlZGl0b3JpYWwtZmVlZHwyfHx8ZW58MHx8fHx8",
        "url3": "https://images.unsplash.com/photo-1701972184355-d7de7849ee26?q=80&w=1770&auto=format&fit=crop&ixlib=rb-4.0.3&ixid=M3wxMjA3fDB8MHxwaG90by1wYWdlfHx8fGVufDB8fHx8fA%3D%3D",
        "description": "Product 1 Description",
        "price": 29.99,
        "size": [
            "Small",
            "Medium",
            "Large"
        ],
        "available": true
    },
    {
        "id": 2,
        "url1": "https://images.unsplash.com/photo-1682687219800-bba120d709c5?w=600&auto=format&fit=crop&q=60&ixlib=rb-4.0.3&ixid=M3wxMjA3fDF8MHxlZGl0b3JpYWwtZmVlZHw2fHx8ZW58MHx8fHx8",
        "url2": "https://plus.unsplash.com/premium_photo-1702058572011-29d5025557c8?w=600&auto=format&fit=crop&q=60&ixlib=rb-4.0.3&ixid=M3wxMjA3fDB8MHxlZGl0b3JpYWwtZmVlZHwyfHx8ZW58MHx8fHx8",
       "url3": "https://images.unsplash.com/photo-1701972184355-d7de7849ee26?q=80&w=1770&auto=format&fit=crop&ixlib=rb-4.0.3&ixid=M3wxMjA3fDB8MHxwaG90by1wYWdlfHx8fGVufDB8fHx8fA%3D%3D",
        "description": "Product 2 Description",
        "price": 39.99,
        "size": [
            "Medium",
            "Large",
            "XL"
        ],
        "available": false
    },
    {
        "id": 3,
        "url1": "https://images.unsplash.com/photo-1673853528754-c0bb8b39e52d?w=400&auto=format&fit=crop&q=60&ixlib=rb-4.0.3&ixid=M3wxMjA3fDB8MHxwaG90by1yZWxhdGVkfDJ8fHxlbnwwfHx8fHw%3D",
        "url2": "https://images.unsplash.com/photo-1673853528754-c0bb8b39e52d?w=400&auto=format&fit=crop&q=60&ixlib=rb-4.0.3&ixid=M3wxMjA3fDB8MHxwaG90by1yZWxhdGVkfDJ8fHxlbnwwfHx8fHw%3D",
        "url3": "https://images.unsplash.com/photo-1673853528754-c0bb8b39e52d?w=400&auto=format&fit=crop&q=60&ixlib=rb-4.0.3&ixid=M3wxMjA3fDB8MHxwaG90by1yZWxhdGVkfDJ8fHxlbnwwfHx8fHw%3D",
        "description": "Product 3 Description",
        "price": 49.99,
        "size": [
            "Small",
            "Medium"
        ],
        "available": true
    },
    {
        "id": 4,
        "url1": "https://images.unsplash.com/photo-1692980176171-4703267f241f?q=80&w=1031&auto=format&fit=crop&ixlib=rb-4.0.3&ixid=M3wxMjA3fDB8MHxwaG90by1wYWdlfHx8fGVufDB8fHx8fA%3D%3D",
        "url2": "https://images.unsplash.com/photo-1692980176171-4703267f241f?q=80&w=1031&auto=format&fit=crop&ixlib=rb-4.0.3&ixid=M3wxMjA3fDB8MHxwaG90by1wYWdlfHx8fGVufDB8fHx8fA%3D%3D",
        "url3": "https://images.unsplash.com/photo-1692980176171-4703267f241f?q=80&w=1031&auto=format&fit=crop&ixlib=rb-4.0.3&ixid=M3wxMjA3fDB8MHxwaG90by1wYWdlfHx8fGVufDB8fHx8fA%3D%3D",
        "description": "Product 4 Description",
        "price": 29.99,
        "size": [
            "Small",
            "Medium",
            "Large"
        ],
        "available": true
    },
    {
        "id": 1,
        "url1": "https://plus.unsplash.com/premium_photo-1700391547517-9d63b8a8b351?w=600&auto=format&fit=crop&q=60&ixlib=rb-4.0.3&ixid=M3wxMjA3fDB8MHxlZGl0b3JpYWwtZmVlZHw1fHx8ZW58MHx8fHx8",
        "url2": "https://plus.unsplash.com/premium_photo-1700391547517-9d63b8a8b351?w=600&auto=format&fit=crop&q=60&ixlib=rb-4.0.3&ixid=M3wxMjA3fDB8MHxlZGl0b3JpYWwtZmVlZHw1fHx8ZW58MHx8fHx8",
        "url3": "https://plus.unsplash.com/premium_photo-1700391547517-9d63b8a8b351?w=600&auto=format&fit=crop&q=60&ixlib=rb-4.0.3&ixid=M3wxMjA3fDB8MHxlZGl0b3JpYWwtZmVlZHw1fHx8ZW58MHx8fHx8",
        "description": "Product 1 Description",
        "price": 29.99,
        "size": [
            "Small",
            "Medium",
            "Large"
        ],
        "available": true
    },
    {
        "id": 2,
        "url1": "https://images.unsplash.com/photo-1682687219800-bba120d709c5?w=600&auto=format&fit=crop&q=60&ixlib=rb-4.0.3&ixid=M3wxMjA3fDF8MHxlZGl0b3JpYWwtZmVlZHw2fHx8ZW58MHx8fHx8",
        "url2": "https://plus.unsplash.com/premium_photo-1702058572011-29d5025557c8?w=600&auto=format&fit=crop&q=60&ixlib=rb-4.0.3&ixid=M3wxMjA3fDB8MHxlZGl0b3JpYWwtZmVlZHwyfHx8ZW58MHx8fHx8",
       "url3": "https://images.unsplash.com/photo-1701972184355-d7de7849ee26?q=80&w=1770&auto=format&fit=crop&ixlib=rb-4.0.3&ixid=M3wxMjA3fDB8MHxwaG90by1wYWdlfHx8fGVufDB8fHx8fA%3D%3D",
        "description": "Product 2 Description",
        "price": 39.99,
        "size": [
            "Medium",
            "Large",
            "XL"
        ],
        "available": false
    },
    {
        "id": 3,
        "url1": "https://images.unsplash.com/photo-1673853528754-c0bb8b39e52d?w=400&auto=format&fit=crop&q=60&ixlib=rb-4.0.3&ixid=M3wxMjA3fDB8MHxwaG90by1yZWxhdGVkfDJ8fHxlbnwwfHx8fHw%3D",
        "url2": "https://images.unsplash.com/photo-1673853528754-c0bb8b39e52d?w=400&auto=format&fit=crop&q=60&ixlib=rb-4.0.3&ixid=M3wxMjA3fDB8MHxwaG90by1yZWxhdGVkfDJ8fHxlbnwwfHx8fHw%3D",
        "url3": "https://images.unsplash.com/photo-1673853528754-c0bb8b39e52d?w=400&auto=format&fit=crop&q=60&ixlib=rb-4.0.3&ixid=M3wxMjA3fDB8MHxwaG90by1yZWxhdGVkfDJ8fHxlbnwwfHx8fHw%3D",
        "description": "Product 3 Description",
        "price": 49.99,
        "size": [
            "Small",
            "Medium"
        ],
        "available": true
    },
    {
        "id": 4,
        "url1": "https://images.unsplash.com/photo-1692980176171-4703267f241f?q=80&w=1031&auto=format&fit=crop&ixlib=rb-4.0.3&ixid=M3wxMjA3fDB8MHxwaG90by1wYWdlfHx8fGVufDB8fHx8fA%3D%3D",
        "url2": "https://images.unsplash.com/photo-1692980176171-4703267f241f?q=80&w=1031&auto=format&fit=crop&ixlib=rb-4.0.3&ixid=M3wxMjA3fDB8MHxwaG90by1wYWdlfHx8fGVufDB8fHx8fA%3D%3D",
        "url3": "https://images.unsplash.com/photo-1692980176171-4703267f241f?q=80&w=1031&auto=format&fit=crop&ixlib=rb-4.0.3&ixid=M3wxMjA3fDB8MHxwaG90by1wYWdlfHx8fGVufDB8fHx8fA%3D%3D",
        "description": "Product 4 Description",
        "price": 29.99,
        "size": [
            "Small",
            "Medium",
            "Large"
        ],
        "available": true
    },
    {
        "id": 1,
        "url1": "https://plus.unsplash.com/premium_photo-1700391547517-9d63b8a8b351?w=600&auto=format&fit=crop&q=60&ixlib=rb-4.0.3&ixid=M3wxMjA3fDB8MHxlZGl0b3JpYWwtZmVlZHw1fHx8ZW58MHx8fHx8",
        "url2": "https://plus.unsplash.com/premium_photo-1700391547517-9d63b8a8b351?w=600&auto=format&fit=crop&q=60&ixlib=rb-4.0.3&ixid=M3wxMjA3fDB8MHxlZGl0b3JpYWwtZmVlZHw1fHx8ZW58MHx8fHx8",
        "url3": "https://plus.unsplash.com/premium_photo-1700391547517-9d63b8a8b351?w=600&auto=format&fit=crop&q=60&ixlib=rb-4.0.3&ixid=M3wxMjA3fDB8MHxlZGl0b3JpYWwtZmVlZHw1fHx8ZW58MHx8fHx8",
        "description": "Product 1 Description",
        "price": 29.99,
        "size": [
            "Small",
            "Medium",
            "Large"
        ],
        "available": true
    },
    {
        "id": 2,
        "url1": "https://images.unsplash.com/photo-1682687219800-bba120d709c5?w=600&auto=format&fit=crop&q=60&ixlib=rb-4.0.3&ixid=M3wxMjA3fDF8MHxlZGl0b3JpYWwtZmVlZHw2fHx8ZW58MHx8fHx8",
        "url2": "https://plus.unsplash.com/premium_photo-1702058572011-29d5025557c8?w=600&auto=format&fit=crop&q=60&ixlib=rb-4.0.3&ixid=M3wxMjA3fDB8MHxlZGl0b3JpYWwtZmVlZHwyfHx8ZW58MHx8fHx8",
       "url3": "https://images.unsplash.com/photo-1701972184355-d7de7849ee26?q=80&w=1770&auto=format&fit=crop&ixlib=rb-4.0.3&ixid=M3wxMjA3fDB8MHxwaG90by1wYWdlfHx8fGVufDB8fHx8fA%3D%3D",
        "description": "Product 2 Description",
        "price": 39.99,
        "size": [
            "Medium",
            "Large",
            "XL"
        ],
        "available": false
    },
    {
        "id": 3,
        "url1": "https://images.unsplash.com/photo-1673853528754-c0bb8b39e52d?w=400&auto=format&fit=crop&q=60&ixlib=rb-4.0.3&ixid=M3wxMjA3fDB8MHxwaG90by1yZWxhdGVkfDJ8fHxlbnwwfHx8fHw%3D",
        "url2": "https://images.unsplash.com/photo-1673853528754-c0bb8b39e52d?w=400&auto=format&fit=crop&q=60&ixlib=rb-4.0.3&ixid=M3wxMjA3fDB8MHxwaG90by1yZWxhdGVkfDJ8fHxlbnwwfHx8fHw%3D",
        "url3": "https://images.unsplash.com/photo-1673853528754-c0bb8b39e52d?w=400&auto=format&fit=crop&q=60&ixlib=rb-4.0.3&ixid=M3wxMjA3fDB8MHxwaG90by1yZWxhdGVkfDJ8fHxlbnwwfHx8fHw%3D",
        "description": "Product 3 Description",
        "price": 49.99,
        "size": [
            "Small",
            "Medium"
        ],
        "available": true
    },
    {
        "id": 4,
        "url1": "https://images.unsplash.com/photo-1692980176171-4703267f241f?q=80&w=1031&auto=format&fit=crop&ixlib=rb-4.0.3&ixid=M3wxMjA3fDB8MHxwaG90by1wYWdlfHx8fGVufDB8fHx8fA%3D%3D",
        "url2": "https://images.unsplash.com/photo-1692980176171-4703267f241f?q=80&w=1031&auto=format&fit=crop&ixlib=rb-4.0.3&ixid=M3wxMjA3fDB8MHxwaG90by1wYWdlfHx8fGVufDB8fHx8fA%3D%3D",
        "url3": "https://images.unsplash.com/photo-1692980176171-4703267f241f?q=80&w=1031&auto=format&fit=crop&ixlib=rb-4.0.3&ixid=M3wxMjA3fDB8MHxwaG90by1wYWdlfHx8fGVufDB8fHx8fA%3D%3D",
        "description": "Product 4 Description",
        "price": 29.99,
        "size": [
            "Small",
            "Medium",
            "Large"
        ],
        "available": true
    },
    {
        "id": 1,
        "url1": "https://plus.unsplash.com/premium_photo-1700391547517-9d63b8a8b351?w=600&auto=format&fit=crop&q=60&ixlib=rb-4.0.3&ixid=M3wxMjA3fDB8MHxlZGl0b3JpYWwtZmVlZHw1fHx8ZW58MHx8fHx8",
        "url2": "https://plus.unsplash.com/premium_photo-1700391547517-9d63b8a8b351?w=600&auto=format&fit=crop&q=60&ixlib=rb-4.0.3&ixid=M3wxMjA3fDB8MHxlZGl0b3JpYWwtZmVlZHw1fHx8ZW58MHx8fHx8",
        "url3": "https://plus.unsplash.com/premium_photo-1700391547517-9d63b8a8b351?w=600&auto=format&fit=crop&q=60&ixlib=rb-4.0.3&ixid=M3wxMjA3fDB8MHxlZGl0b3JpYWwtZmVlZHw1fHx8ZW58MHx8fHx8",
        "description": "Product 1 Description",
        "price": 29.99,
        "size": [
            "Small",
            "Medium",
            "Large"
        ],
        "available": true
    },
    {
        "id": 2,
        "url1": "https://images.unsplash.com/photo-1682687219800-bba120d709c5?w=600&auto=format&fit=crop&q=60&ixlib=rb-4.0.3&ixid=M3wxMjA3fDF8MHxlZGl0b3JpYWwtZmVlZHw2fHx8ZW58MHx8fHx8",
        "url2": "https://plus.unsplash.com/premium_photo-1702058572011-29d5025557c8?w=600&auto=format&fit=crop&q=60&ixlib=rb-4.0.3&ixid=M3wxMjA3fDB8MHxlZGl0b3JpYWwtZmVlZHwyfHx8ZW58MHx8fHx8",
       "url3": "https://images.unsplash.com/photo-1701972184355-d7de7849ee26?q=80&w=1770&auto=format&fit=crop&ixlib=rb-4.0.3&ixid=M3wxMjA3fDB8MHxwaG90by1wYWdlfHx8fGVufDB8fHx8fA%3D%3D",
        "description": "Product 2 Description",
        "price": 39.99,
        "size": [
            "Medium",
            "Large",
            "XL"
        ],
        "available": false
    },
    {
        "id": 3,
        "url1": "https://images.unsplash.com/photo-1673853528754-c0bb8b39e52d?w=400&auto=format&fit=crop&q=60&ixlib=rb-4.0.3&ixid=M3wxMjA3fDB8MHxwaG90by1yZWxhdGVkfDJ8fHxlbnwwfHx8fHw%3D",
        "url2": "https://images.unsplash.com/photo-1673853528754-c0bb8b39e52d?w=400&auto=format&fit=crop&q=60&ixlib=rb-4.0.3&ixid=M3wxMjA3fDB8MHxwaG90by1yZWxhdGVkfDJ8fHxlbnwwfHx8fHw%3D",
        "url3": "https://images.unsplash.com/photo-1673853528754-c0bb8b39e52d?w=400&auto=format&fit=crop&q=60&ixlib=rb-4.0.3&ixid=M3wxMjA3fDB8MHxwaG90by1yZWxhdGVkfDJ8fHxlbnwwfHx8fHw%3D",
        "description": "Product 3 Description",
        "price": 49.99,
        "size": [
            "Small",
            "Medium"
        ],
        "available": true
    },
    {
        "id": 4,
        "url1": "https://images.unsplash.com/photo-1692980176171-4703267f241f?q=80&w=1031&auto=format&fit=crop&ixlib=rb-4.0.3&ixid=M3wxMjA3fDB8MHxwaG90by1wYWdlfHx8fGVufDB8fHx8fA%3D%3D",
        "url2": "https://images.unsplash.com/photo-1692980176171-4703267f241f?q=80&w=1031&auto=format&fit=crop&ixlib=rb-4.0.3&ixid=M3wxMjA3fDB8MHxwaG90by1wYWdlfHx8fGVufDB8fHx8fA%3D%3D",
        "url3": "https://images.unsplash.com/photo-1692980176171-4703267f241f?q=80&w=1031&auto=format&fit=crop&ixlib=rb-4.0.3&ixid=M3wxMjA3fDB8MHxwaG90by1wYWdlfHx8fGVufDB8fHx8fA%3D%3D",
        "description": "Product 4 Description",
        "price": 29.99,
        "size": [
            "Small",
            "Medium",
            "Large"
        ],
        "available": true
    },
    {
        "id": 1,
        "url1": "https://plus.unsplash.com/premium_photo-1700391547517-9d63b8a8b351?w=600&auto=format&fit=crop&q=60&ixlib=rb-4.0.3&ixid=M3wxMjA3fDB8MHxlZGl0b3JpYWwtZmVlZHw1fHx8ZW58MHx8fHx8",
        "url2": "https://plus.unsplash.com/premium_photo-1700391547517-9d63b8a8b351?w=600&auto=format&fit=crop&q=60&ixlib=rb-4.0.3&ixid=M3wxMjA3fDB8MHxlZGl0b3JpYWwtZmVlZHw1fHx8ZW58MHx8fHx8",
        "url3": "https://plus.unsplash.com/premium_photo-1700391547517-9d63b8a8b351?w=600&auto=format&fit=crop&q=60&ixlib=rb-4.0.3&ixid=M3wxMjA3fDB8MHxlZGl0b3JpYWwtZmVlZHw1fHx8ZW58MHx8fHx8",
        "description": "Product 1 Description",
        "price": 29.99,
        "size": [
            "Small",
            "Medium",
            "Large"
        ],
        "available": true
    },
    {
        "id": 2,
        "url1": "https://images.unsplash.com/photo-1682687219800-bba120d709c5?w=600&auto=format&fit=crop&q=60&ixlib=rb-4.0.3&ixid=M3wxMjA3fDF8MHxlZGl0b3JpYWwtZmVlZHw2fHx8ZW58MHx8fHx8",
        "url2": "https://plus.unsplash.com/premium_photo-1702058572011-29d5025557c8?w=600&auto=format&fit=crop&q=60&ixlib=rb-4.0.3&ixid=M3wxMjA3fDB8MHxlZGl0b3JpYWwtZmVlZHwyfHx8ZW58MHx8fHx8",
       "url3": "https://images.unsplash.com/photo-1701972184355-d7de7849ee26?q=80&w=1770&auto=format&fit=crop&ixlib=rb-4.0.3&ixid=M3wxMjA3fDB8MHxwaG90by1wYWdlfHx8fGVufDB8fHx8fA%3D%3D",
        "description": "Product 2 Description",
        "price": 39.99,
        "size": [
            "Medium",
            "Large",
            "XL"
        ],
        "available": false
    },
    {
        "id": 3,
        "url1": "https://images.unsplash.com/photo-1673853528754-c0bb8b39e52d?w=400&auto=format&fit=crop&q=60&ixlib=rb-4.0.3&ixid=M3wxMjA3fDB8MHxwaG90by1yZWxhdGVkfDJ8fHxlbnwwfHx8fHw%3D",
        "url2": "https://images.unsplash.com/photo-1673853528754-c0bb8b39e52d?w=400&auto=format&fit=crop&q=60&ixlib=rb-4.0.3&ixid=M3wxMjA3fDB8MHxwaG90by1yZWxhdGVkfDJ8fHxlbnwwfHx8fHw%3D",
        "url3": "https://images.unsplash.com/photo-1673853528754-c0bb8b39e52d?w=400&auto=format&fit=crop&q=60&ixlib=rb-4.0.3&ixid=M3wxMjA3fDB8MHxwaG90by1yZWxhdGVkfDJ8fHxlbnwwfHx8fHw%3D",
        "description": "Product 3 Description",
        "price": 49.99,
        "size": [
            "Small",
            "Medium"
        ],
        "available": true
    },
    {
        "id": 4,
        "url1": "https://images.unsplash.com/photo-1692980176171-4703267f241f?q=80&w=1031&auto=format&fit=crop&ixlib=rb-4.0.3&ixid=M3wxMjA3fDB8MHxwaG90by1wYWdlfHx8fGVufDB8fHx8fA%3D%3D",
        "url2": "https://images.unsplash.com/photo-1692980176171-4703267f241f?q=80&w=1031&auto=format&fit=crop&ixlib=rb-4.0.3&ixid=M3wxMjA3fDB8MHxwaG90by1wYWdlfHx8fGVufDB8fHx8fA%3D%3D",
        "url3": "https://images.unsplash.com/photo-1692980176171-4703267f241f?q=80&w=1031&auto=format&fit=crop&ixlib=rb-4.0.3&ixid=M3wxMjA3fDB8MHxwaG90by1wYWdlfHx8fGVufDB8fHx8fA%3D%3D",
        "description": "Product 4 Description",
        "price": 29.99,
        "size": [
            "Small",
            "Medium",
            "Large"
        ],
        "available": true
    },
    {
        "id": 1,
        "url1": "https://plus.unsplash.com/premium_photo-1700391547517-9d63b8a8b351?w=600&auto=format&fit=crop&q=60&ixlib=rb-4.0.3&ixid=M3wxMjA3fDB8MHxlZGl0b3JpYWwtZmVlZHw1fHx8ZW58MHx8fHx8",
        "url2": "https://plus.unsplash.com/premium_photo-1700391547517-9d63b8a8b351?w=600&auto=format&fit=crop&q=60&ixlib=rb-4.0.3&ixid=M3wxMjA3fDB8MHxlZGl0b3JpYWwtZmVlZHw1fHx8ZW58MHx8fHx8",
        "url3": "https://plus.unsplash.com/premium_photo-1700391547517-9d63b8a8b351?w=600&auto=format&fit=crop&q=60&ixlib=rb-4.0.3&ixid=M3wxMjA3fDB8MHxlZGl0b3JpYWwtZmVlZHw1fHx8ZW58MHx8fHx8",
        "description": "Product 1 Description",
        "price": 29.99,
        "size": [
            "Small",
            "Medium",
            "Large"
        ],
        "available": true
    },
    {
        "id": 2,
        "url1": "https://images.unsplash.com/photo-1682687219800-bba120d709c5?w=600&auto=format&fit=crop&q=60&ixlib=rb-4.0.3&ixid=M3wxMjA3fDF8MHxlZGl0b3JpYWwtZmVlZHw2fHx8ZW58MHx8fHx8",
        "url2": "https://plus.unsplash.com/premium_photo-1702058572011-29d5025557c8?w=600&auto=format&fit=crop&q=60&ixlib=rb-4.0.3&ixid=M3wxMjA3fDB8MHxlZGl0b3JpYWwtZmVlZHwyfHx8ZW58MHx8fHx8",
       "url3": "https://images.unsplash.com/photo-1701972184355-d7de7849ee26?q=80&w=1770&auto=format&fit=crop&ixlib=rb-4.0.3&ixid=M3wxMjA3fDB8MHxwaG90by1wYWdlfHx8fGVufDB8fHx8fA%3D%3D",
        "description": "Product 2 Description",
        "price": 39.99,
        "size": [
            "Medium",
            "Large",
            "XL"
        ],
        "available": false
    },
    {
        "id": 3,
        "url1": "https://images.unsplash.com/photo-1673853528754-c0bb8b39e52d?w=400&auto=format&fit=crop&q=60&ixlib=rb-4.0.3&ixid=M3wxMjA3fDB8MHxwaG90by1yZWxhdGVkfDJ8fHxlbnwwfHx8fHw%3D",
        "url2": "https://images.unsplash.com/photo-1673853528754-c0bb8b39e52d?w=400&auto=format&fit=crop&q=60&ixlib=rb-4.0.3&ixid=M3wxMjA3fDB8MHxwaG90by1yZWxhdGVkfDJ8fHxlbnwwfHx8fHw%3D",
        "url3": "https://images.unsplash.com/photo-1673853528754-c0bb8b39e52d?w=400&auto=format&fit=crop&q=60&ixlib=rb-4.0.3&ixid=M3wxMjA3fDB8MHxwaG90by1yZWxhdGVkfDJ8fHxlbnwwfHx8fHw%3D",
        "description": "Product 3 Description",
        "price": 49.99,
        "size": [
            "Small",
            "Medium"
        ],
        "available": true
    },
    {
        "id": 4,
        "url1": "https://images.unsplash.com/photo-1692980176171-4703267f241f?q=80&w=1031&auto=format&fit=crop&ixlib=rb-4.0.3&ixid=M3wxMjA3fDB8MHxwaG90by1wYWdlfHx8fGVufDB8fHx8fA%3D%3D",
        "url2": "https://images.unsplash.com/photo-1692980176171-4703267f241f?q=80&w=1031&auto=format&fit=crop&ixlib=rb-4.0.3&ixid=M3wxMjA3fDB8MHxwaG90by1wYWdlfHx8fGVufDB8fHx8fA%3D%3D",
        "url3": "https://images.unsplash.com/photo-1692980176171-4703267f241f?q=80&w=1031&auto=format&fit=crop&ixlib=rb-4.0.3&ixid=M3wxMjA3fDB8MHxwaG90by1wYWdlfHx8fGVufDB8fHx8fA%3D%3D",
        "description": "Product 4 Description",
        "price": 29.99,
        "size": [
            "Small",
            "Medium",
            "Large"
        ],
        "available": true
    },
    {
        "id": 1,
        "url1": "https://plus.unsplash.com/premium_photo-1700391547517-9d63b8a8b351?w=600&auto=format&fit=crop&q=60&ixlib=rb-4.0.3&ixid=M3wxMjA3fDB8MHxlZGl0b3JpYWwtZmVlZHw1fHx8ZW58MHx8fHx8",
        "url2": "https://plus.unsplash.com/premium_photo-1700391547517-9d63b8a8b351?w=600&auto=format&fit=crop&q=60&ixlib=rb-4.0.3&ixid=M3wxMjA3fDB8MHxlZGl0b3JpYWwtZmVlZHw1fHx8ZW58MHx8fHx8",
        "url3": "https://plus.unsplash.com/premium_photo-1700391547517-9d63b8a8b351?w=600&auto=format&fit=crop&q=60&ixlib=rb-4.0.3&ixid=M3wxMjA3fDB8MHxlZGl0b3JpYWwtZmVlZHw1fHx8ZW58MHx8fHx8",
        "description": "Product 1 Description",
        "price": 29.99,
        "size": [
            "Small",
            "Medium",
            "Large"
        ],
        "available": true
    },
    {
        "id": 2,
        "url1": "https://images.unsplash.com/photo-1682687219800-bba120d709c5?w=600&auto=format&fit=crop&q=60&ixlib=rb-4.0.3&ixid=M3wxMjA3fDF8MHxlZGl0b3JpYWwtZmVlZHw2fHx8ZW58MHx8fHx8",
        "url2": "https://plus.unsplash.com/premium_photo-1702058572011-29d5025557c8?w=600&auto=format&fit=crop&q=60&ixlib=rb-4.0.3&ixid=M3wxMjA3fDB8MHxlZGl0b3JpYWwtZmVlZHwyfHx8ZW58MHx8fHx8",
       "url3": "https://images.unsplash.com/photo-1701972184355-d7de7849ee26?q=80&w=1770&auto=format&fit=crop&ixlib=rb-4.0.3&ixid=M3wxMjA3fDB8MHxwaG90by1wYWdlfHx8fGVufDB8fHx8fA%3D%3D",
        "description": "Product 2 Description",
        "price": 39.99,
        "size": [
            "Medium",
            "Large",
            "XL"
        ],
        "available": false
    },
    {
        "id": 3,
        "url1": "https://images.unsplash.com/photo-1673853528754-c0bb8b39e52d?w=400&auto=format&fit=crop&q=60&ixlib=rb-4.0.3&ixid=M3wxMjA3fDB8MHxwaG90by1yZWxhdGVkfDJ8fHxlbnwwfHx8fHw%3D",
        "url2": "https://images.unsplash.com/photo-1673853528754-c0bb8b39e52d?w=400&auto=format&fit=crop&q=60&ixlib=rb-4.0.3&ixid=M3wxMjA3fDB8MHxwaG90by1yZWxhdGVkfDJ8fHxlbnwwfHx8fHw%3D",
        "url3": "https://images.unsplash.com/photo-1673853528754-c0bb8b39e52d?w=400&auto=format&fit=crop&q=60&ixlib=rb-4.0.3&ixid=M3wxMjA3fDB8MHxwaG90by1yZWxhdGVkfDJ8fHxlbnwwfHx8fHw%3D",
        "description": "Product 3 Description",
        "price": 49.99,
        "size": [
            "Small",
            "Medium"
        ],
        "available": true
    },
    {
        "id": 4,
        "url1": "https://images.unsplash.com/photo-1692980176171-4703267f241f?q=80&w=1031&auto=format&fit=crop&ixlib=rb-4.0.3&ixid=M3wxMjA3fDB8MHxwaG90by1wYWdlfHx8fGVufDB8fHx8fA%3D%3D",
        "url2": "https://images.unsplash.com/photo-1692980176171-4703267f241f?q=80&w=1031&auto=format&fit=crop&ixlib=rb-4.0.3&ixid=M3wxMjA3fDB8MHxwaG90by1wYWdlfHx8fGVufDB8fHx8fA%3D%3D",
        "url3": "https://images.unsplash.com/photo-1692980176171-4703267f241f?q=80&w=1031&auto=format&fit=crop&ixlib=rb-4.0.3&ixid=M3wxMjA3fDB8MHxwaG90by1wYWdlfHx8fGVufDB8fHx8fA%3D%3D",
        "description": "Product 4 Description",
        "price": 29.99,
        "size": [
            "Small",
            "Medium",
            "Large"
        ],
        "available": true
    },
    {
        "id": 1,
        "url1": "https://plus.unsplash.com/premium_photo-1700391547517-9d63b8a8b351?w=600&auto=format&fit=crop&q=60&ixlib=rb-4.0.3&ixid=M3wxMjA3fDB8MHxlZGl0b3JpYWwtZmVlZHw1fHx8ZW58MHx8fHx8",
        "url2": "https://plus.unsplash.com/premium_photo-1700391547517-9d63b8a8b351?w=600&auto=format&fit=crop&q=60&ixlib=rb-4.0.3&ixid=M3wxMjA3fDB8MHxlZGl0b3JpYWwtZmVlZHw1fHx8ZW58MHx8fHx8",
        "url3": "https://plus.unsplash.com/premium_photo-1700391547517-9d63b8a8b351?w=600&auto=format&fit=crop&q=60&ixlib=rb-4.0.3&ixid=M3wxMjA3fDB8MHxlZGl0b3JpYWwtZmVlZHw1fHx8ZW58MHx8fHx8",
        "description": "Product 1 Description",
        "price": 29.99,
        "size": [
            "Small",
            "Medium",
            "Large"
        ],
        "available": true
    },
    {
        "id": 2,
        "url1": "https://images.unsplash.com/photo-1682687219800-bba120d709c5?w=600&auto=format&fit=crop&q=60&ixlib=rb-4.0.3&ixid=M3wxMjA3fDF8MHxlZGl0b3JpYWwtZmVlZHw2fHx8ZW58MHx8fHx8",
        "url2": "https://plus.unsplash.com/premium_photo-1702058572011-29d5025557c8?w=600&auto=format&fit=crop&q=60&ixlib=rb-4.0.3&ixid=M3wxMjA3fDB8MHxlZGl0b3JpYWwtZmVlZHwyfHx8ZW58MHx8fHx8",
       "url3": "https://images.unsplash.com/photo-1701972184355-d7de7849ee26?q=80&w=1770&auto=format&fit=crop&ixlib=rb-4.0.3&ixid=M3wxMjA3fDB8MHxwaG90by1wYWdlfHx8fGVufDB8fHx8fA%3D%3D",
        "description": "Product 2 Description",
        "price": 39.99,
        "size": [
            "Medium",
            "Large",
            "XL"
        ],
        "available": false
    },
    {
        "id": 3,
        "url1": "https://images.unsplash.com/photo-1673853528754-c0bb8b39e52d?w=400&auto=format&fit=crop&q=60&ixlib=rb-4.0.3&ixid=M3wxMjA3fDB8MHxwaG90by1yZWxhdGVkfDJ8fHxlbnwwfHx8fHw%3D",
        "url2": "https://images.unsplash.com/photo-1673853528754-c0bb8b39e52d?w=400&auto=format&fit=crop&q=60&ixlib=rb-4.0.3&ixid=M3wxMjA3fDB8MHxwaG90by1yZWxhdGVkfDJ8fHxlbnwwfHx8fHw%3D",
        "url3": "https://images.unsplash.com/photo-1673853528754-c0bb8b39e52d?w=400&auto=format&fit=crop&q=60&ixlib=rb-4.0.3&ixid=M3wxMjA3fDB8MHxwaG90by1yZWxhdGVkfDJ8fHxlbnwwfHx8fHw%3D",
        "description": "Product 3 Description",
        "price": 49.99,
        "size": [
            "Small",
            "Medium"
        ],
        "available": true
    },
    {
        "id": 4,
        "url1": "https://images.unsplash.com/photo-1692980176171-4703267f241f?q=80&w=1031&auto=format&fit=crop&ixlib=rb-4.0.3&ixid=M3wxMjA3fDB8MHxwaG90by1wYWdlfHx8fGVufDB8fHx8fA%3D%3D",
        "url2": "https://images.unsplash.com/photo-1692980176171-4703267f241f?q=80&w=1031&auto=format&fit=crop&ixlib=rb-4.0.3&ixid=M3wxMjA3fDB8MHxwaG90by1wYWdlfHx8fGVufDB8fHx8fA%3D%3D",
        "url3": "https://images.unsplash.com/photo-1692980176171-4703267f241f?q=80&w=1031&auto=format&fit=crop&ixlib=rb-4.0.3&ixid=M3wxMjA3fDB8MHxwaG90by1wYWdlfHx8fGVufDB8fHx8fA%3D%3D",
        "description": "Product 4 Description",
        "price": 29.99,
        "size": [
            "Small",
            "Medium",
            "Large"
        ],
        "available": true
    },
    {
        "id": 1,
        "url1": "https://plus.unsplash.com/premium_photo-1700391547517-9d63b8a8b351?w=600&auto=format&fit=crop&q=60&ixlib=rb-4.0.3&ixid=M3wxMjA3fDB8MHxlZGl0b3JpYWwtZmVlZHw1fHx8ZW58MHx8fHx8",
        "url2": "https://plus.unsplash.com/premium_photo-1700391547517-9d63b8a8b351?w=600&auto=format&fit=crop&q=60&ixlib=rb-4.0.3&ixid=M3wxMjA3fDB8MHxlZGl0b3JpYWwtZmVlZHw1fHx8ZW58MHx8fHx8",
        "url3": "https://plus.unsplash.com/premium_photo-1700391547517-9d63b8a8b351?w=600&auto=format&fit=crop&q=60&ixlib=rb-4.0.3&ixid=M3wxMjA3fDB8MHxlZGl0b3JpYWwtZmVlZHw1fHx8ZW58MHx8fHx8",
        "description": "Product 1 Description",
        "price": 29.99,
        "size": [
            "Small",
            "Medium",
            "Large"
        ],
        "available": true
    },
    {
        "id": 2,
        "url1": "https://images.unsplash.com/photo-1682687219800-bba120d709c5?w=600&auto=format&fit=crop&q=60&ixlib=rb-4.0.3&ixid=M3wxMjA3fDF8MHxlZGl0b3JpYWwtZmVlZHw2fHx8ZW58MHx8fHx8",
        "url2": "https://plus.unsplash.com/premium_photo-1702058572011-29d5025557c8?w=600&auto=format&fit=crop&q=60&ixlib=rb-4.0.3&ixid=M3wxMjA3fDB8MHxlZGl0b3JpYWwtZmVlZHwyfHx8ZW58MHx8fHx8",
       "url3": "https://images.unsplash.com/photo-1701972184355-d7de7849ee26?q=80&w=1770&auto=format&fit=crop&ixlib=rb-4.0.3&ixid=M3wxMjA3fDB8MHxwaG90by1wYWdlfHx8fGVufDB8fHx8fA%3D%3D",
        "description": "Product 2 Description",
        "price": 39.99,
        "size": [
            "Medium",
            "Large",
            "XL"
        ],
        "available": false
    },
    {
        "id": 3,
        "url1": "https://images.unsplash.com/photo-1673853528754-c0bb8b39e52d?w=400&auto=format&fit=crop&q=60&ixlib=rb-4.0.3&ixid=M3wxMjA3fDB8MHxwaG90by1yZWxhdGVkfDJ8fHxlbnwwfHx8fHw%3D",
        "url2": "https://images.unsplash.com/photo-1673853528754-c0bb8b39e52d?w=400&auto=format&fit=crop&q=60&ixlib=rb-4.0.3&ixid=M3wxMjA3fDB8MHxwaG90by1yZWxhdGVkfDJ8fHxlbnwwfHx8fHw%3D",
        "url3": "https://images.unsplash.com/photo-1673853528754-c0bb8b39e52d?w=400&auto=format&fit=crop&q=60&ixlib=rb-4.0.3&ixid=M3wxMjA3fDB8MHxwaG90by1yZWxhdGVkfDJ8fHxlbnwwfHx8fHw%3D",
        "description": "Product 3 Description",
        "price": 49.99,
        "size": [
            "Small",
            "Medium"
        ],
        "available": true
    },
    {
        "id": 4,
        "url1": "https://images.unsplash.com/photo-1692980176171-4703267f241f?q=80&w=1031&auto=format&fit=crop&ixlib=rb-4.0.3&ixid=M3wxMjA3fDB8MHxwaG90by1wYWdlfHx8fGVufDB8fHx8fA%3D%3D",
        "url2": "https://images.unsplash.com/photo-1692980176171-4703267f241f?q=80&w=1031&auto=format&fit=crop&ixlib=rb-4.0.3&ixid=M3wxMjA3fDB8MHxwaG90by1wYWdlfHx8fGVufDB8fHx8fA%3D%3D",
        "url3": "https://images.unsplash.com/photo-1692980176171-4703267f241f?q=80&w=1031&auto=format&fit=crop&ixlib=rb-4.0.3&ixid=M3wxMjA3fDB8MHxwaG90by1wYWdlfHx8fGVufDB8fHx8fA%3D%3D",
        "description": "Product 4 Description",
        "price": 29.99,
        "size": [
            "Small",
            "Medium",
            "Large"
        ],
        "available": true
    }
]